{
    "loss": 0.47491466999053955,
    "accuracy": 0.970588207244873
}