{
    "loss": 1.166014313697815,
    "accuracy": 0.8627451062202454
}