{
    "loss": 13.01533317565918,
    "accuracy": 0.7647058963775635
}